Phuong phap,Phien ban,SNR (dB),So mau (support),Top-1 Accuracy,Top-3 Accuracy,Balanced Acc,Precision Macro,Recall Macro,Macro-F1,Micro-F1,mAP,Macro-AUC,SI-SDR (dB),SI-SDR improvement,"Emb cos(mixture, noise sach)",Emb cos(khac clip),Emb gap,Emb retrieval@1,Ghi chu
SSLAM-HighExpert,run1-baseline,15,1080,0.5278,0.713,0.5278,0.5442,0.5278,0.5264,0.5278,0.5948,0.9393,,,0.7361,0.1059,0.6302,0.9769,"Baseline dung lai: CE thuan, KHONG FiLM, chon checkpoint theo toan bo validation. Khong tach waveform nen khong co SI-SDR."
SSLAM-HighExpert,run1-baseline,20,1080,0.4648,0.6509,0.4648,0.4953,0.4648,0.4674,0.4648,0.5091,0.9146,,,0.7188,0.122,0.5968,0.9769,"Baseline dung lai: CE thuan, KHONG FiLM, chon checkpoint theo toan bo validation. Khong tach waveform nen khong co SI-SDR."
SSLAM-HighExpert,run2-ce-only,15,1080,0.5287,0.7093,0.5287,0.5464,0.5287,0.5268,0.5287,0.5939,0.939,,,0.7022,0.0773,0.6249,0.9731,"CE thuan + FiLM theo SNR, chon checkpoint theo lat band. Control cho run3."
SSLAM-HighExpert,run2-ce-only,20,1080,0.462,0.6435,0.462,0.4923,0.462,0.4649,0.462,0.508,0.9134,,,0.685,0.0898,0.5953,0.9722,"CE thuan + FiLM theo SNR, chon checkpoint theo lat band. Control cho run3."
SSLAM-HighExpert,run3b-crd-only,15,1080,0.5417,0.7157,0.5417,0.5531,0.5417,0.5384,0.5417,0.6,0.9401,,,0.6531,0.0746,0.5786,0.9157,"CE + CRD (b=0.8), khong KD. Setting chinh cua paper CRD."
SSLAM-HighExpert,run3b-crd-only,20,1080,0.4722,0.6519,0.4722,0.4937,0.4722,0.4712,0.4722,0.5115,0.9128,,,0.6291,0.0849,0.5442,0.9074,"CE + CRD (b=0.8), khong KD. Setting chinh cua paper CRD."
SSLAM-HighExpert,run3c-kd-only,15,1080,0.5648,0.7389,0.5648,0.583,0.5648,0.5631,0.5648,0.6211,0.9388,,,0.5276,0.0132,0.5143,0.7361,"CE + KD (a=1.0, rho=4), khong CRD."
SSLAM-HighExpert,run3c-kd-only,20,1080,0.4889,0.6787,0.4889,0.501,0.4889,0.4872,0.4889,0.5336,0.9146,,,0.4933,0.0165,0.4768,0.712,"CE + KD (a=1.0, rho=4), khong CRD."
SSLAM-HighExpert,run3-kd-crd,15,1080,0.5611,0.7389,0.5611,0.5799,0.5611,0.5596,0.5611,0.6225,0.9391,,,0.5292,0.023,0.5062,0.6926,"CE + KD + CRD. Phuong phap day du. Teacher nhin noise sach (privileged info), student chi nhin mixture."
SSLAM-HighExpert,run3-kd-crd,20,1080,0.4926,0.6796,0.4926,0.4989,0.4926,0.4894,0.4926,0.5375,0.9172,,,0.4925,0.0256,0.4669,0.6491,"CE + KD + CRD. Phuong phap day du. Teacher nhin noise sach (privileged info), student chi nhin mixture."
